{
    "param": {
        "facepoints_count": 153,
        "design_img_width": 700,
        "design_img_height": 1004
    },
    "data": [
        115.295898,
        550.891357,
        122.472237,
        490.134949,
        134.746521,
        429.512512,
        151.024261,
        369.844238,
        173.560669,
        313.583191,
        205.969498,
        263.176758,
        247.584335,
        218.344116,
        298.202271,
        181.309753,
        357.562988,
        166.072754,
        415.181305,
        180.869873,
        463.408112,
        217.154724,
        502.842621,
        261.717163,
        533.174683,
        312.213562,
        552.58075,
        369.007813,
        565.645142,
        429.110596,
        575.149719,
        489.911621,
        579.920593,
        550.515076,
        159.909973,
        601.505127,
        189.348923,
        621.361816,
        227.146118,
        627.560303,
        266.219452,
        622.23999,
        303.612183,
        609.290771,
        404.143036,
        610.18042,
        439.727051,
        623.852539,
        476.950409,
        629.905151,
        512.979004,
        624.65918,
        541.061646,
        605.716858,
        354.885803,
        550.922852,
        357.010712,
        505.585907,
        359.10257,
        460.5448,
        361.170074,
        415.688599,
        316.488129,
        391.124939,
        337.38031,
        383.209412,
        359.682983,
        380.017944,
        381.06778,
        383.937134,
        400.840668,
        392.430908,
        198.743835,
        540.815186,
        225.970947,
        557.241699,
        259.701904,
        557.647278,
        287.082275,
        540.105225,
        258.152557,
        531.062988,
        227.169876,
        530.303162,
        416.67926,
        541.148376,
        443.137451,
        559.555359,
        476.374573,
        560.385803,
        502.863464,
        544.985718,
        475.563141,
        533.544922,
        445.199524,
        533.331177,
        264,
        329,
        297,
        335,
        331,
        337,
        360,
        334,
        389,
        339,
        420,
        339,
        453,
        335,
        428,
        306,
        400,
        287,
        362,
        279,
        324,
        284,
        291,
        302,
        274,
        326,
        319,
        321,
        361,
        316,
        400,
        323,
        442,
        331,
        403,
        316,
        362,
        308,
        318,
        313,
        166.80423,
        800.357422,
        197.80423,
        801.357422,
        232.80423,
        802.357422,
        268.80423,
        803.357422,
        423.80423,
        808.357422,
        457.80423,
        809.357422,
        491.80423,
        810.357422,
        520.80426,
        810.357422,
        279,
        325,
        291,
        323,
        306,
        322,
        328,
        319,
        340,
        318,
        351,
        316,
        370,
        316,
        380,
        318,
        390,
        321,
        411,
        325,
        425,
        327,
        437,
        330,
        437,
        328,
        426,
        324,
        413,
        319,
        393,
        313,
        382,
        310,
        371,
        308,
        351,
        308,
        340,
        309,
        328,
        311,
        305,
        315,
        291,
        319,
        279,
        323,
        267,
        331,
        277,
        333,
        288,
        334,
        305,
        335,
        314,
        336,
        323,
        336,
        338,
        336,
        345,
        335,
        353,
        334,
        366,
        334,
        374,
        336,
        382,
        338,
        396,
        339,
        404,
        339,
        412,
        339,
        428,
        338,
        439,
        338,
        448,
        337,
        450,
        329,
        443,
        321,
        434,
        312,
        421,
        301,
        414,
        295,
        407,
        290,
        391,
        284,
        381,
        281,
        371,
        279,
        352,
        279,
        342,
        280,
        332,
        281,
        315,
        287,
        307,
        291,
        298,
        297,
        283,
        308,
        274,
        315,
        267,
        323,
        -7.6412048,
        618.492676,
        3.12329102,
        527.358093,
        21.534729,
        436.424469,
        45.951355,
        346.922058,
        79.7559509,
        262.530518,
        128.369217,
        186.920837,
        190.791458,
        119.671875,
        266.718384,
        64.1203308,
        355.75946,
        41.2648315,
        442.186951,
        63.4605103,
        514.5271,
        117.887787,
        573.678894,
        184.731445,
        619.177002,
        260.476074,
        648.286133,
        345.667419,
        667.88269,
        435.821594,
        682.139526,
        527.023132,
        689.295898,
        617.928345
    ]
}